{
  "accuracy": 0.912752,
  "auc_ovr_macro": 0.96305,
  "best_xgb_iteration": 239,
  "best_val_mlogloss": 0.327888,
  "per_class": {
    "low": {
      "precision": 0.921053,
      "recall": 0.981308,
      "f1-score": 0.950226,
      "support": 107.0
    },
    "medium": {
      "precision": 0.5,
      "recall": 0.333333,
      "f1-score": 0.4,
      "support": 3.0
    },
    "high": {
      "precision": 0.909091,
      "recall": 0.769231,
      "f1-score": 0.833333,
      "support": 39.0
    }
  },
  "confusion_matrix_normalised": [
    [
      0.9813,
      0.0,
      0.0187
    ],
    [
      0.3333,
      0.3333,
      0.3333
    ],
    [
      0.2051,
      0.0256,
      0.7692
    ]
  ]
}