{
  "overall_scaled": {
    "mse": 0.137475,
    "mae": 0.153174
  },
  "per_feature_real_units": {
    "VibrationX": {
      "mse": 0.015924,
      "mae": 0.047904,
      "rmse": 0.126189
    },
    "VibrationY": {
      "mse": 0.054512,
      "mae": 0.11015,
      "rmse": 0.233478
    },
    "VibrationZ": {
      "mse": 0.016931,
      "mae": 0.061249,
      "rmse": 0.130119
    },
    "Temperature": {
      "mse": 0.097552,
      "mae": 0.242523,
      "rmse": 0.312333
    }
  },
  "sigma_ref": [
    0.37076878547668457,
    0.5659069418907166,
    0.2906532287597656,
    0.08775781095027924
  ]
}