{
  "5": {
    "session_id": 5,
    "n_rows": 7200,
    "features": [
      0.19899186491966248,
      0.006766838487237692,
      0.16088850796222687,
      0.006312910933047533,
      0.1640000343322754,
      0.004581109154969454,
      27.835832595825195,
      0.06217866763472557,
      0.0,
      0.0,
      1.0,
      7200.0
    ]
  },
  "7": {
    "session_id": 7,
    "n_rows": 7200,
    "features": [
      0.23506706953048706,
      0.012275340966880322,
      0.22169318795204163,
      0.022421082481741905,
      0.2916943430900574,
      0.009467804804444313,
      29.793603897094727,
      0.33750537037849426,
      0.9666666666666667,
      0.0,
      0.03333333333333333,
      7200.0
    ]
  },
  "11": {
    "session_id": 11,
    "n_rows": 7200,
    "features": [
      0.23230642080307007,
      0.1634434461593628,
      0.2304014414548874,
      0.2731100916862488,
      0.2739321291446686,
      0.21714921295642853,
      34.296268463134766,
      0.49636679887771606,
      0.051527777777777777,
      0.0,
      0.9484722222222223,
      7200.0
    ]
  },
  "12": {
    "session_id": 12,
    "n_rows": 7200,
    "features": [
      0.21373975276947021,
      0.6497525572776794,
      0.2238885909318924,
      0.5102657675743103,
      0.24849534034729004,
      1.0185060501098633,
      35.32537841796875,
      0.365405797958374,
      0.9605555555555556,
      0.0,
      0.03944444444444444,
      7200.0
    ]
  },
  "14": {
    "session_id": 14,
    "n_rows": 7200,
    "features": [
      0.27077993750572205,
      1.0073360204696655,
      0.32329705357551575,
      1.3066737651824951,
      0.3445085287094116,
      1.1936979293823242,
      34.73236846923828,
      0.16495110094547272,
      0.9625,
      0.0,
      0.0375,
      7200.0
    ]
  },
  "15": {
    "session_id": 15,
    "n_rows": 7200,
    "features": [
      0.2358371764421463,
      0.557979941368103,
      0.28433969616889954,
      0.5272639393806458,
      0.4306926429271698,
      0.6603135466575623,
      34.70042419433594,
      0.22259736061096191,
      0.9543055555555555,
      0.0,
      0.04569444444444445,
      7200.0
    ]
  },
  "16": {
    "session_id": 16,
    "n_rows": 7200,
    "features": [
      0.22967223823070526,
      0.045585960149765015,
      0.6461289525032043,
      0.21380142867565155,
      0.23396556079387665,
      0.03651776537299156,
      30.000186920166016,
      0.3260129988193512,
      0.9666666666666667,
      0.0,
      0.03333333333333333,
      7200.0
    ]
  },
  "17": {
    "session_id": 17,
    "n_rows": 7200,
    "features": [
      0.30566489696502686,
      1.0217410326004028,
      0.40540242195129395,
      1.5729334354400635,
      0.32806912064552307,
      1.6101592779159546,
      34.15140151977539,
      1.0397670269012451,
      0.9576388888888889,
      0.0,
      0.04236111111111111,
      7200.0
    ]
  },
  "18": {
    "session_id": 18,
    "n_rows": 7200,
    "features": [
      0.3112674653530121,
      0.8676707148551941,
      0.4469987750053406,
      0.8578629493713379,
      0.37703871726989746,
      1.1994982957839966,
      34.86639404296875,
      0.5142548084259033,
      0.05652777777777778,
      0.0,
      0.9434722222222223,
      7200.0
    ]
  },
  "19": {
    "session_id": 19,
    "n_rows": 7200,
    "features": [
      0.2713930904865265,
      0.6710283160209656,
      0.44344040751457214,
      0.5149968266487122,
      0.25301092863082886,
      0.6569861769676208,
      36.040489196777344,
      0.44210538268089294,
      0.9326388888888889,
      0.0,
      0.06736111111111111,
      7200.0
    ]
  },
  "20": {
    "session_id": 20,
    "n_rows": 7200,
    "features": [
      0.17025379836559296,
      0.050352394580841064,
      0.2521023452281952,
      0.1332591325044632,
      0.19839774072170258,
      0.07999008148908615,
      26.61644172668457,
      0.39900290966033936,
      0.03333333333333333,
      0.0,
      0.9666666666666667,
      7200.0
    ]
  },
  "21": {
    "session_id": 21,
    "n_rows": 7200,
    "features": [
      0.1948307454586029,
      0.010662675835192204,
      0.24892890453338623,
      0.06685607135295868,
      0.19022272527217865,
      0.01878184638917446,
      31.66476058959961,
      0.2071780413389206,
      0.03333333333333333,
      0.0,
      0.9666666666666667,
      7200.0
    ]
  },
  "22": {
    "session_id": 22,
    "n_rows": 7200,
    "features": [
      0.2155679315328598,
      0.043425340205430984,
      0.265890508890152,
      0.12105094641447067,
      0.23448988795280457,
      0.047362614423036575,
      35.08742904663086,
      0.11220789700746536,
      0.9666666666666667,
      0.0,
      0.03333333333333333,
      7200.0
    ]
  },
  "23": {
    "session_id": 23,
    "n_rows": 7200,
    "features": [
      0.29304206371307373,
      0.05063831806182861,
      0.3281998634338379,
      0.05993222817778587,
      0.39548495411872864,
      0.0762794092297554,
      32.60215759277344,
      0.3243008255958557,
      0.03347222222222222,
      0.0,
      0.9665277777777778,
      7200.0
    ]
  },
  "24": {
    "session_id": 24,
    "n_rows": 7200,
    "features": [
      0.4539533257484436,
      0.14207802712917328,
      0.30371469259262085,
      0.09936365485191345,
      0.25657570362091064,
      0.044266216456890106,
      32.72211837768555,
      0.19908054172992706,
      0.03333333333333333,
      0.0,
      0.9666666666666667,
      7200.0
    ]
  },
  "25": {
    "session_id": 25,
    "n_rows": 7200,
    "features": [
      0.5006929636001587,
      0.2545781433582306,
      0.297478049993515,
      0.08769416064023972,
      0.25119858980178833,
      0.09757964313030243,
      36.326805114746094,
      0.2633700966835022,
      0.9666666666666667,
      0.0,
      0.03333333333333333,
      7200.0
    ]
  },
  "26": {
    "session_id": 26,
    "n_rows": 7200,
    "features": [
      0.2723642885684967,
      0.15597078204154968,
      0.32387369871139526,
      0.12734895944595337,
      0.25516146421432495,
      0.12213091552257538,
      27.790077209472656,
      0.06623588502407074,
      0.9831944444444445,
      0.0,
      0.016805555555555556,
      7200.0
    ]
  },
  "28": {
    "session_id": 28,
    "n_rows": 7200,
    "features": [
      0.20193609595298767,
      0.016593409702181816,
      0.2939876317977905,
      0.042445722967386246,
      0.16463203728199005,
      0.0077800932340323925,
      30.299001693725586,
      0.13511861860752106,
      0.9833333333333333,
      0.0,
      0.016666666666666666,
      7200.0
    ]
  },
  "29": {
    "session_id": 29,
    "n_rows": 7200,
    "features": [
      0.18293701112270355,
      0.08671214431524277,
      0.2796335816383362,
      0.23336945474147797,
      0.15344804525375366,
      0.03953598812222481,
      35.053340911865234,
      1.0142306089401245,
      0.9384722222222223,
      0.024722222222222222,
      0.03680555555555556,
      7200.0
    ]
  },
  "30": {
    "session_id": 30,
    "n_rows": 7200,
    "features": [
      0.29088079929351807,
      0.1610109955072403,
      0.46767836809158325,
      0.26777681708335876,
      0.1991489976644516,
      0.0966479480266571,
      36.302486419677734,
      0.15589794516563416,
      0.027083333333333334,
      0.0,
      0.9729166666666667,
      7200.0
    ]
  },
  "34": {
    "session_id": 34,
    "n_rows": 7200,
    "features": [
      0.18714460730552673,
      0.03462418541312218,
      0.2645856440067291,
      0.04950985684990883,
      0.2007002830505371,
      0.039103779941797256,
      39.10210037231445,
      0.19886943697929382,
      0.95,
      0.03333333333333333,
      0.016666666666666666,
      7200.0
    ]
  },
  "35": {
    "session_id": 35,
    "n_rows": 7200,