{
  "5": {
    "mean": [
      0.1989486962556839,
      0.16127492487430573,
      0.16325615346431732,
      27.807165145874023
    ],
    "std": [
      0.008257079869508743,
      0.006976033095270395,
      0.004186262376606464,
      0.08841349184513092
    ]
  },
  "7": {
    "mean": [
      0.26368555426597595,
      0.2431112676858902,
      0.27177315950393677,
      29.439977645874023
    ],
    "std": [
      0.025609321892261505,
      0.10930798947811127,
      0.014685409143567085,
      0.26432451605796814
    ]
  },
  "11": {
    "mean": [
      0.2008950412273407,
      0.21906587481498718,
      0.2048282027244568,
      34.184165954589844
    ],
    "std": [
      0.09371553361415863,
      0.19563856720924377,
      0.133596271276474,
      0.4343286454677582
    ]
  },
  "12": {
    "mean": [
      0.21030806005001068,
      0.21309350430965424,
      0.253520667552948,
      35.305782318115234
    ],
    "std": [
      0.5787814259529114,
      0.4651087820529938,
      0.8353875875473022,
      0.3575950264930725
    ]
  },
  "14": {
    "mean": [
      0.29140418767929077,
      0.3671485185623169,
      0.5336117744445801,
      34.67788314819336
    ],
    "std": [
      0.6665864586830139,
      0.7984055876731873,
      0.6516405344009399,
      0.12049206346273422
    ]
  },
  "17": {
    "mean": [
      0.2515198588371277,
      0.36237049102783203,
      0.26881933212280273,
      34.16311264038086
    ],
    "std": [
      0.8508507609367371,
      1.3705353736877441,
      1.2992959022521973,
      1.0374325513839722
    ]
  },
  "18": {
    "mean": [
      0.20664048194885254,
      0.27762436866760254,
      0.20568884909152985,
      34.71299362182617
    ],
    "std": [
      0.4974968135356903,
      0.5491670966148376,
      0.6160743236541748,
      0.3569793403148651
    ]
  },
  "19": {
    "mean": [
      0.2938777804374695,
      0.6406625509262085,
      0.31276237964630127,
      36.15879821777344
    ],
    "std": [
      0.35083240270614624,
      0.3650103807449341,
      0.3107495605945587,
      0.4599308669567108
    ]
  },
  "20": {
    "mean": [
      0.1344204694032669,
      0.1469327062368393,
      0.14411216974258423,
      26.900564193725586
    ],
    "std": [
      0.018501048907637596,
      0.05175168812274933,
      0.028744712471961975,
      0.2872388958930969
    ]
  },
  "21": {
    "mean": [
      0.17334750294685364,
      0.14698965847492218,
      0.1458912342786789,
      31.8080997467041
    ],
    "std": [
      0.010409824550151825,
      0.04134011268615723,
      0.018206274136900902,
      0.13951678574085236
    ]
  },
  "24": {
    "mean": [
      0.1663323938846588,
      0.14865891635417938,
      0.14686740934848785,
      32.73147964477539
    ],
    "std": [
      0.11585383117198944,
      0.06499521434307098,
      0.04827059805393219,
      0.21238353848457336
    ]
  },
  "25": {
    "mean": [
      0.829470694065094,
      0.436679482460022,
      0.3568553030490875,
      36.47296142578125
    ],
    "std": [
      0.14227484166622162,
      0.06284646689891815,
      0.04384348541498184,
      0.26671576499938965
    ]
  },
  "26": {
    "mean": [
      0.27180859446525574,
      0.32665345072746277,
      0.2531408667564392,
      27.791702270507812
    ],
    "std": [
      0.18083053827285767,
      0.1814541071653366,
      0.13464462757110596,
      0.0875631794333458
    ]
  },
  "28": {
    "mean": [
      0.20488576591014862,
      0.29804912209510803,
      0.16544190049171448,
      30.286489486694336
    ],
    "std": [
      0.05884994938969612,
      0.14853741228580475,
      0.028828969225287437,
      0.14240053296089172
    ]
  },
  "29": {
    "mean": [
      0.27224892377853394,
      0.5202240943908691,
      0.18661946058273315,
      34.93124008178711
    ],
    "std": [
      0.09706816077232361,
      0.2287386804819107,
      0.03586162254214287,
      0.9654359221458435
    ]
  },
  "35": {
    "mean": [
      0.15540140867233276,
      0.16168127954006195,
      0.14828668534755707,
      39.026485443115234
    ],
    "std": [
      0.04176826775074005,
      0.05599648877978325,
      0.02488158643245697,
      0.08529162406921387
    ]
  },
  "36": {
    "mean": [
      0.16039779782295227,
      0.15154317021369934,
      0.14770744740962982,
      37.233638763427734
    ],
    "std": [
      0.06449390947818756,
      0.05069173127412796,
      0.047569576650857925,
      0.5604410767555237
    ]
  },
  "37": {
    "mean": [
      0.25208500027656555,
      0.3382047116756439,
      0.18710371851921082,
      39.34426498413086
    ],
    "std": [
      0.09633751958608627,
      0.16342796385288239,
      0.0486135333776474,
      0.1010420024394989
    ]
  },
  "38": {
    "mean": [
      0.2262691706418991,
      0.38754549622535706,
      0.19537973403930664,
      37.0286979675293
    ],
    "std": [
      0.1912153959274292,
      0.3903511166572571,
      0.09988979250192642,
      1.1296138763427734
    ]
  },
  "39": {
    "mean": [
      0.2603890299797058,
      0.30061036348342896,
      0.25174692273139954,
      36.85078811645508
    ],
    "std": [
      0.30838146805763245,
      0.35101184248924255,
      0.2693045437335968,
      0.11886592954397202
    ]
  },
  "46": {
    "mean": [
      0.29421570897102356,
      0.19953179359436035,
      0.19902291893959045,
      26.079713821411133
    ],
    "std": [
      0.39176490902900696,
      0.15397953987121582,
      0.2277851700782776,
      0.13549506664276123
    ]
  },
  "47": {
    "mean": [
      0.31895503401756287,
      0.22614464163780212,
      0.20103606581687927,
      30.00506019592285
    ],
    "std": [
      0.04294566437602043,
      0.027909347787499428,
      0.015401069074869156,
      0.07466452568769455
    ]
  },
  "48": {
    "mean": [
      0.2378351390361786,
      0.16896681487560272,
      0.16256381571292877,
      33.04538345336914
    ],
    "std": [
      0.08004175871610641,
      0.026854099705815315,
      0.02122301422059536,
      0.10756497085094452
    ]
  },
  "49": {
    "mean": [
      0.24856571853160858,
      0.18067970871925354,
      0.16841261088848114,
      35.370338439941406
    ],
    "std": [
      0.025900889188051224,
      0.01707812398672104,
      0.00796394795179367,
      0.10498715192079544
    ]
  },
  "50": {
    "mean": [
      0.3367983400821686,
      0.2304081916809082,
      0.1785886585712433,
      36.02694320678711
    ],
    "std": [
      0.20966380834579468,
      0.11840197443962097,
      0.05074857920408249,
      0.03622221574187279
    ]
  },
  "53": {
    "mean": [
      0.3427177667617798,
      0.29307040572166443,
      0.19404473900794983,
      33.578094482421875
    ],
    "std": [
      0.042747531086206436,
      0.039343446493148804,
      0.009117580950260162,
      0.17493797838687897
    ]
  },
  "59": {
    "mean": [
      0.14041224122047424,
      0.1273781657218933,
      0.145365908741951,
      27.55158805847168
    ],
    "std": [
      0.013159428723156452,
      0.004425448831170797,
      0.009897369891405106,
      0.07110316306352615
    ]
  },
  "60": {
    "mean": [
      0.24751462042331696,
      0.5016959309577942,
      0.2250542938709259,
      31.105987548828125
    ],
    "std": [
      0.06243842467665672,
      0.15815503895282745,
      0.06446921080350876,
      0.14267012476921082
    ]
  },
  "61": {
    "mean": [
      0.1493987739086151,
      0.16123215854167938,
      0.18107885122299194,
      32.41408157348633
    ],
    "std": [
      0.053415730595588684,
      0.07068241387605667,
      0.07510633766651154,
      0.1288251429796219
    ]
  },
  "62": {
    "mean": [
      0.19853751361370087,
      0.15786685049533844,
      0.18818648159503937,
      32.61944580078125
    ],
    "std": [
      0.05285266041755676,
      0.032604485750198364,
      0.04222061112523079,
      0.03758153319358826
    ]
  },